,Chao1 kmers ITS,Chao1 OTUs ITS,Chao1 ASVs ITS,16S_id,Chao1 kmers,Chao1 OTUs,Chao1 ASVs,identifier,row,column,temperature,day,replicate,well,DNA yield,DNA_total_yield_per_1g,pH,TTA,estimate_bact,estimate_bact_CFUs,LAB CFUs,LAB_counts,bac_diff,yeast CFUs,mannitol,glucose,fructose,sucrose,maltose,succinic acid,lactic acid,acetic acid,ethanol,Observed features ASVs,Observed features OTUs,Observed features kmers,Shannon ASVs,Evenness ASVs,Simpson ASVs,Shannon OTUs,Evenness OTUs,Simpson OTUs,Shannon kmers,Evenness kmers,Simpson kmers,color,color2,Observed features ASVs ITS,Observed features OTUs ITS,Observed features kmers ITS,Shannon ASVs ITS,Evenness ASVs ITS,Simpson ASVs ITS,Shannon OTUs ITS,Evenness OTUs ITS,Simpson OTUs ITS,Shannon kmers ITS,Evenness kmers ITS,Simpson kmers ITS
366292_209-LP4-ITS-0709,747,2,4,366294_209-LP4-16S-0709,678,5,4,W00.00.00,E,5,20,0,0,E05,7.819449435,5212.964986,3.71,8.41,1.46E+13,13.16330154,9.2862,1932858226,3.877101544,6.95664,0.864598779,0.412388771,0.040404422,0,4.793423904,5.862572552,61.38363653,18.55172414,196.4527147,4,5,678,0.254628304,0.127314152,0.066791515,0.372545521,0.160446623,0.096606648,8.098100765,0.861029129,0.996015836,#000000,#000000,4,2,747,1.023699522,0.511849761,0.38777508,0.30104877,0.30104877,0.101260904,8.420115655,0.882152649,0.996797225
366292_121-LP4-ITS-0621,1052,4,6,366294_121-LP4-16S-0621,244,1,1,W30.02.28,E,6,30,28,2,E06,0.141937297,94.62486433,3.98,20.78,7.72E+11,11.88782708,8.06812549,116983736.8,3.819701594,4.07553,,,,,,,,,,1,1,244,0,0,0,0,0,0,7.918076414,0.998403563,0.995840377,#751c6d,#751c6d,6,4,1052,0.97362813,0.376650775,0.377948582,0.220637372,0.110318686,0.056099986,8.340575189,0.830824036,0.996682149
366292_212-LP4-ITS-0712,1253,7.5,7,366294_212-LP4-16S-0712,718,5,6,W30.03.21,H,5,30,21,3,H05,7.45204728,4968.030278,4.03,15.81,5.87E+12,12.76852489,8.777287462,598807818.2,3.991237427,2.77815,0.649644727,0.271669784,0.071408873,0,0,7.603819509,22.24034412,147.542069,144.172235,6,5,718,0.655997624,0.253774522,0.195222812,0.685716358,0.295321961,0.212396122,8.366055313,0.881766059,0.996451796,#6c1a64,#751c6d,7,7,1253,0.813641727,0.289825031,0.337532665,0.091994591,0.032769135,0.017630374,8.253067956,0.801956181,0.996594272
366292_225-LP4-ITS-0725,1212,5,7,366294_225-LP4-16S-0725,708,6,5,W17.02.14,E,7,17,14,2,E07,8.872885701,5915.255655,3.66,24.31,7.88E+12,12.89667665,8.93044,852000795,3.966236651,5.83425,1.037305852,0.14155678,0.021891556,0,0.014754214,7.329713537,313.1302088,680.4331034,230.2555226,5,5,708,1.169789099,0.503800743,0.513240997,1.130149762,0.48672901,0.508102493,8.915470071,0.941681614,0.997759192,#d5a157,#fdc067,7,5,1212,0.800344104,0.285088322,0.338124778,0.0516001,0.022222953,0.009682593,8.229967865,0.80345876,0.996577753
366292_201-LP4-ITS-0701,1204,5,8,366294_201-LP4-16S-0701,708,5,5,W04.02.04,E,4,4,4,2,E04,34.97111893,23314.07346,3.64,10.01,1.39E+13,13.14146859,9.29376,1966799096,3.847708587,7.30103,1.326988284,0.178844671,0.002532177,0,0.15169667,7.509455158,124.6204857,27.42344828,343.8402801,5,5,708,1.006434775,0.433447865,0.373781163,1.006434775,0.433447865,0.373781163,8.514534606,0.899333476,0.996922717,#465870,#9ec8ff,8,5,1204,1.14451675,0.381505583,0.39008989,0.329954231,0.142103552,0.08307716,8.529650555,0.833493018,0.996862314
366292_217-LP4-ITS-0717,1204,5,8,366294_217-LP4-16S-0717,588,3,3,W04.02.01,E,6,4,1,2,E06,7.886102038,5257.400044,3.68,9.64,2.04E+13,13.31020671,10.1473,14037830687,3.162906715,7.32463,1.662475393,0.361471555,0.059189645,0.012902929,1.169467922,7.237595956,104.9359262,29.76551724,361.7054683,3,3,588,0.110566017,0.06975939,0.026024931,0.164390206,0.103718672,0.041385042,7.996929351,0.86926241,0.995870674,#202833,#9ec8ff,8,5,1204,1.139326871,0.379775624,0.414038111,0.249388945,0.107405973,0.058532023,8.480430844,0.828683409,0.996810354
366292_239-LP4-ITS-0739,1536,5,8.2,366294_239-LP4-16S-0739,708,5,5,W30.01.21,C,9,30,21,1,C09,0.688271155,458.8473218,3.72,14.53,1.33E+11,11.12491485,7.906549814,80639869.08,3.218365036,4.4663,1.419683322,0.255933833,0.081743689,0,0,6.60175997,117.818801,66.41655172,325.4447006,5,5,708,1.735281645,0.747345126,0.650204329,1.754188809,0.755487998,0.661634349,9.258897324,0.977955543,0.998273582,#6c1a64,#751c6d,8,5,1536,0.767786894,0.255928965,0.331337021,0.036299485,0.015633337,0.006276232,8.216055564,0.776200725,0.996566094
366292_247-LP4-ITS-0747,1306,11,11,366294_247-LP4-16S-0747,718,5,6,W30.02.14,C,10,30,14,2,C10,3.495158589,2330.105143,3.82,14.58,2.47E+11,11.39287626,7.880538667,75951904.27,3.512337594,4.52243,1.48442342,0.225809686,0.069840984,0,0,6.26249766,219.896048,76.15724138,409.0389237,6,5,718,1.468243207,0.567994007,0.534515235,1.479993538,0.637398523,0.544649508,9.105236007,0.959674275,0.997962386,#62185c,#751c6d,8,8,1306,0.796849678,0.265616559,0.340898385,0.067620156,0.022540052,0.011956245,8.221208178,0.794247559,0.996571573
366292_215-LP4-ITS-0715,1494,12,9,366294_215-LP4-16S-0715,708,5,5,W17.01.10,C,6,17,10,1,C06,5.322415322,3548.275994,3.69,17.38,2.14E+12,12.33104244,8.42619,266802564.7,3.904852436,5.14613,1.250506109,0.104202109,0.015332923,0,0.012665718,8.165512076,145.6635899,122.6565517,372.9140655,5,5,708,1.264697142,0.544675412,0.540789474,1.248222575,0.537580202,0.53466759,8.995822963,0.950168753,0.997900759,#c0924e,#fdc067,9,9,1494,0.823899265,0.25991128,0.342511347,0.070262667,0.022165404,0.012521633,8.242883108,0.781689038,0.996586089
366292_130-LP4-ITS-0630,1352,14.33333333,10,366294_130-LP4-16S-0630,708,5,5,W17.02.28,F,7,17,28,2,F07,5.455441525,3636.961016,3.75,24.63,1.92E+11,11.28425472,9.05917,1145961428,2.225084724,5.28483,,,,,,,,,,5,5,708,1.599480748,0.688858863,0.607437673,1.605405221,0.691410395,0.607506925,9.180647352,0.96969052,0.998147742,#fdc067,#fdc067,10,11,1352,0.862660574,0.259686709,0.347351122,0.155547232,0.044963234,0.032242389,8.269657101,0.795092103,0.996609999
366292_147-LP4-ITS-0647,1746,11,17.5,366294_147-LP4-16S-0647,244,1,1,W30.01.28,G,9,30,28,1,G09,2.869969651,1913.313101,3.64,14.8,89700355471,10.95279416,7.278115291,18972095.02,3.674678873,4.23572,,,,,,,,,,1,1,244,0,0,0,0,0,0,7.918076414,0.998403563,0.995840377,#751c6d,#751c6d,10,9,1746,0.789498869,0.237662841,0.337960603,0.062363265,0.01967342,0.010820735,8.220963683,0.763332169,0.996570172
366292_195-LP4-ITS-0695,1601,17,10,366294_195-LP4-16S-0695,718,4,7,W17.01.07,G,3,17,7,1,G03,2.556494854,1704.329477,3.65,14.93,2.51E+12,12.39986401,9.05945,1146700495,3.340414008,6.95084,0.958089984,0.062063514,0.016230962,0,0.011722526,6.271484741,77.98906712,59.10068966,390.3819422,6,4,718,1.217588157,0.471027396,0.529279778,1.075338041,0.537669021,0.504307479,8.937947107,0.942042348,0.997841682,#ac8346,#fdc067,10,12,1601,0.913878653,0.275104887,0.367037193,0.145127197,0.040482208,0.028334741,8.294844195,0.779242188,0.996630455
366292_224-LP4-ITS-0724,1522,14,10,366294_224-LP4-16S-0724,728,5,7,W17.03.14,D,7,17,14,3,D07,10.01508373,6676.720815,3.75,15.04,8.28E+12,12.918066,8.75698,571452319.7,4.161086002,6.02854,1.292641735,0.120423738,0.025549964,0,0.023770677,8.13780191,399.772381,266.5462069,714.0048304,7,5,728,1.458362495,0.519479202,0.565799458,1.441522133,0.620829791,0.574819945,9.019030752,0.948593348,0.997878947,#d5a157,#fdc067,10,11,1522,0.8489792,0.255568205,0.339357453,0.111998872,0.032374935,0.021020673,8.2776321,0.78299525,0.996611159
366292_238-LP4-ITS-0738,1438,11,10,366294_238-LP4-16S-0738,678,4,4,W04.02.10,B,9,4,10,2,B09,3.77705033,2518.032924,3.56,11,4.04E+12,12.6067306,8.27161,186900300.7,4.335120595,5.42717,1.677569167,0.361149794,0.0510484,0.027115724,2.163097956,6.695375398,135.963796,26.65103448,310.3162928,4,4,678,0.178889614,0.089444807,0.041495845,0.216905831,0.108452915,0.051703601,8.075717869,0.858649272,0.995958607,#7898c2,#9ec8ff,10,11,1438,0.898613103,0.270509499,0.363577135,0.165868183,0.047946657,0.03446076,8.273687775,0.788732859,0.996615941
366292_252-LP4-ITS-0752,1693,13.33333333,10.33333333,366294_252-LP4-16S-0752,718,5,6.5,W30.03.14,H,10,30,14,3,H10,0.645678516,430.4522362,3.89,24.41,1.18E+11,11.0714917,8.082111253,120812328,2.98938045,3.20412,1.272024898,0.251672013,0.083767959,0,0,39.03388878,136.7972041,521.8151724,194.815628,6,5,718,0.637591291,0.246653981,0.202282078,0.627321191,0.270172531,0.189875346,8.382453413,0.883494387,0.996497856,#62185c,#751c6d,10,10,1693,0.802934721,0.241707435,0.320829791,0.086717372,0.02610453,0.015937305,8.267117395,0.770800474,0.996601982
366292_176-LP4-ITS-0676,1682,12.33333333,12.5,366294_176-LP4-16S-0676,658,5,5,W30.02.10,D,1,30,10,2,D01,5.169602037,3446.400496,3.81,24.41,1.21E+12,12.08343812,7.499136995,31560000.03,4.584301121,3.4984,1.324249023,0.196268351,0.038196128,0,0,33.91349934,148.9559996,398.1931034,244.4477135,5,5,658,1.05713418,0.45528291,0.369518452,0.98821823,0.425602426,0.353545706,8.66540931,0.925599376,0.997040171,#591553,#751c6d,11,12,1682,0.811585987,0.234600963,0.325499955,0.159645548,0.044531999,0.030582698,8.253103712,0.770169185,0.996591439
366292_223-LP4-ITS-0723,1953,11.33333333,11,366294_223-LP4-16S-0723,678,3,5,W04.03.02,C,7,4,2,3,C07,6.382679416,4255.118547,3.67,10.82,5.48E+12,12.73863154,10.18605,15347936723,2.552581541,7.36211,1.426331041,0.261409847,0.018100651,0,0.63091667,7.492978843,110.8737342,28.21241379,332.4786231,4,3,678,0.200251887,0.100125944,0.05161479,0.188301162,0.118804805,0.051503401,8.055360919,0.856484823,0.995954662,#2c3847,#9ec8ff,11,11,1953,0.895258231,0.258787665,0.352994532,0.162992421,0.047115376,0.032811039,8.303356775,0.759582384,0.996631601
366292_231-LP4-ITS-0731,1840,9,12.5,366294_231-LP4-16S-0731,708,5,5,W30.03.06,C,8,30,6,3,C08,8.445983905,5630.654529,3.81,14.86,2.99E+12,12.47601674,8.162566824,145400809.4,4.313449919,5.30701,0.881797108,0.076542775,0.018115373,0,0,5.962179367,60.62908863,51.70206897,256.8244105,5,5,708,1.700590074,0.73240428,0.616773762,1.661812858,0.715703842,0.586239305,9.173989178,0.968987262,0.998046617,#461141,#751c6d,11,9,1840,0.83691192,0.241921799,0.344985177,0.088440757,0.027899952,0.015923265,8.259147145,0.761528258,0.996596589
366292_243-LP4-ITS-0743,1829,9,11,366294_243-LP4-16S-0743,473,2,2,W30.01.02,G,9,30,2,1,G09,8.075980673,5383.98577,3.61,11.75,3.07E+12,12.48671094,9.81672,6557223702,2.669990944,7.19432,1.694049275,0.080033582,0.010739671,0,0,7.377644636,165.240613,35.38206897,384.1760896,2,2,473,0.900485433,0.900485433,0.432622977,0.900485433,0.900485433,0.432622977,8.834947315,0.99428868,0.997730643,#21081f,#751c6d,11,9,1829,0.974236003,0.281617361,0.36239871,0.233466733,0.073650554,0.052491082,8.360834608,0.771519659,0.996683781
366292_124-LP4-ITS-0624,1793,10,13,366294_124-LP4-16S-0624,653,4,4,W17.01.28,H,6,17,28,1,H06,4.522389432,3014.926288,3.69,30.56,6.62E+11,11.82063882,8.88752,771827058.7,2.933118819,5.28359,,,,,,,,,,4,4,653,1.569584466,0.784792233,0.618739612,1.569491579,0.784745789,0.618684211,9.157470741,0.979310266,0.998140461,#fdc067,#fdc067,13,10,1793,0.928589924,0.250940427,0.358618578,0.16903703,0.050885216,0.033944252,8.311907481,0.769040027,0.996643188
366292_146-LP4-ITS-0646,1838,16,13,xxx,,,,W04.03.28,F,9,4,28,3,F09,6.8577552,4571.8368,3.53,12.75,1.24E+12,12.09498975,9.23602,1721936960,2.85897,7.25042,,,,,,,,,,,,,,,,,,,,,,#9ec8ff,#9ec8ff,13,14,1838,0.966521459,0.261190975,0.34916337,0.230189694,0.060459216,0.04785134,8.38627991,0.773362317,0.99670347
366292_180-LP4-ITS-0680,2102,14.2,13.33333333,366294_180-LP4-16S-0680,678,5,4,W17.01.14,H,1,17,14,1,H01,4.923149972,3282.099161,3.62,26.45,4.75E+12,12.67711307,9.0141,1032999235,3.663013073,6.02912,1.143346437,0.113788169,0.01531084,0,0.008690838,6.835424078,229.7696926,456.9765517,272.2189532,4,5,678,1.076226157,0.538113078,0.506164674,1.10717106,0.476832621,0.512360677,8.885615194,0.944761462,0.997776323,#d5a157,#fdc067,13,13,2102,0.863701626,0.233405133,0.344785436,0.142572965,0.038528655,0.026675959,8.28173546,0.750323917,0.996610454
366292_200-LP4-ITS-0700,1888,11,13.33333333,366294_200-LP4-16S-0700,366.3448276,1,2,W17.01.01 ,D,4,17,1,1,D04,5.08246595,3388.309786,3.54,10.45,2.58E+13,13.41240006,10.01649,10386996852,3.395910061,7.38233,1.617294287,0.14130787,0.03040085,0,0.093813892,8.463583599,259.9408549,43.2137931,517.4802942,2,1,361,0.02726704,0.02726704,0.00546444,0,0,0,7.926607976,0.932997085,0.995792091,#332615,#fdc067,13,11,1888,0.900850168,0.243444087,0.354372094,0.168357774,0.048666311,0.032890593,8.299694241,0.762654275,0.996627694
366292_213-LP4-ITS-0713,1958,17,14,366294_213-LP4-16S-0713,678,5,4,W30.01.06,A,6,30,6,1,A06,7.0947243,4729.815017,3.83,15.98,4.39E+12,12.64237943,8.014880895,103485831.8,4.627498539,5.07826,1.549870604,0.13021621,0.011799652,0,0,6.583036884,100.7276638,182.9544828,277.5251827,4,5,678,1.10474317,0.552371585,0.446023111,1.15751764,0.498515713,0.443144044,8.808572852,0.936569948,0.997402024,#461141,#751c6d,13,12,1958,0.912146072,0.246496671,0.357987898,0.13828008,0.038572253,0.026096755,8.308747177,0.759819092,0.996635708
366292_233-LP4-ITS-0733,1939,10.5,15,366294_233-LP4-16S-0733,708,5,5,W30.01.10,E,8,30,10,1,E08,7.540809039,5027.204769,3.82,18.28,4.03E+12,12.60554207,7.464489547,29139999.97,5.141052518,3.88784,1.342572007,0.17783689,0.030209464,0,0,24.32952631,153.9098486,200.2124138,308.457789,5,5,708,1.162348214,0.500596128,0.39965374,1.192149914,0.513431022,0.411814404,8.771202996,0.926443645,0.997205598,#591553,#751c6d,13,9,1939,0.853630927,0.230683646,0.347373503,0.130225217,0.041081482,0.026091604,8.257252817,0.756082722,0.996596684
366292_235-LP4-ITS-0735,2142,7,14,366294_235-LP4-16S-0735,718,5,6,W30.01.07,G,8,30,7,1,G08,7.074565951,4716.376122,3.78,20.67,3.03E+12,12.48195832,8.459127583,287824383.4,4.022830733,4.86018,1.402780076,0.142418858,0.028590049,0,0,20.93765213,198.9855722,274.3227586,358.2299801,6,5,718,1.042171015,0.403166783,0.358602349,1.068615617,0.460227696,0.369238227,8.684559559,0.915335791,0.997053077,#50134a,#751c6d,13,7,2142,0.87986223,0.237772345,0.352070554,0.09629982,0.034302688,0.018767215,8.289873403,0.749215194,0.996619586
366292_240-LP4-ITS-0740,1829,12,13.5,366294_240-LP4-16S-0740,678,5,4,W04.01.04,D,9,4,4,1,D09,5.447592162,3631.7272,3.65,9.96,1.01E+13,13.00481129,9,1000000000,4.004811291,7.33935,1.206856094,0.15596926,0,0,0.144521676,8.844036697,192.6409176,35.55310345,423.4817336,4,5,678,0.196934134,0.098467067,0.04694327,0.31508872,0.135701326,0.081648199,8.066311779,0.857649171,0.995953214,#465870,#9ec8ff,13,11,1829,0.916918408,0.247786338,0.342523771,0.214841597,0.062103149,0.046170054,8.336159478,0.769242692,0.996661976
366292_241-LP4-ITS-0741,1996,9,14.5,366294_241-LP4-16S-0741,473,2,2,W04.01.21,E,9,4,21,1,E09,5.154645843,3436.429703,3.48,12.05,4.20E+12,12.62336612,9.40085,2516807503,3.222516121,7.11261,1.546246094,0.222470653,0.015524308,0,0,6.085751732,138.0446277,29.4262069,339.4242568,2,2,473,0.897427193,0.897427193,0.430603614,0.897427193,0.897427193,0.430603614,8.698538435,0.978937167,0.997368497,#91b8eb,#9ec8ff,13,9,1996,0.878217902,0.237327985,0.340378673,0.158021057,0.049850093,0.031706739,8.298396495,0.756952952,0.996625604
366292_244-LP4-ITS-0744,1870,17,13.75,366294_244-LP4-16S-0744,678,5,4,W17.01.21,H,9,17,21,1,H09,4.184769182,2789.845424,3.43,15.18,1.53E+12,12.1860716,9.02263,1053488987,3.163441598,5.07918,1.42858592,0.159581487,0.021398371,0,0,6.618985209,162.8748096,35.89793103,401.473317,4,5,678,0.594271602,0.297135801,0.185277008,0.738278842,0.31795939,0.225955679,8.462737959,0.899799114,0.996601297,#e9b15f,#fdc067,13,15,1870,0.88703472,0.239710626,0.352328581,0.154908403,0.039650049,0.028901247,8.285210148,0.762291417,0.996617491
366292_245-LP4-ITS-0745,1944,15,13,366294_245-LP4-16S-0745,708,5,5,W30.03.10,A,10,30,10,3,A10,1.207511191,805.0072594,3.81,15.34,3.59E+11,11.55524685,7.460296327,28860000.02,4.094950521,4.06306,1.287480567,0.150572169,0.031232641,0,0,6.383074331,106.3589927,100.0744828,289.5413815,5,5,708,1.514710408,0.652350265,0.592562327,1.515264409,0.65258886,0.593240997,9.132848968,0.964641896,0.998073991,#591553,#751c6d,13,14,1944,0.860962926,0.232665032,0.342935424,0.142677936,0.037474294,0.0266778,8.271214678,0.757103582,0.996604968
366292_249-LP4-ITS-0749,1859,12.6,15,366294_249-LP4-16S-0749,708,5,5,W17.03.21,E,10,17,21,3,E10,11.92459953,7949.73103,3.63,24.13,9.59E+11,11.98189015,9.23115,1702746515,2.750740153,5.33888,0.782170403,0.155040402,0.011277022,0,0,6.699120015,50.03315709,221.4703448,155.1663678,5,5,708,0.853647797,0.367646095,0.30734072,1.02235019,0.440302261,0.371899388,8.564327727,0.904592791,0.996860863,#e9b15f,#fdc067,13,12,1859,0.879233525,0.237602445,0.350811588,0.158158413,0.044117174,0.031693517,8.281079509,0.762508502,0.996614775
366292_142-LP4-ITS-0642,1799,10,14.14285714,366294_142-LP4-16S-0642,244,2,1,W17.03.28,B,9,17,28,3,B09,4.136131814,2757.421209,3.73,14.04,6.43E+11,11.80832105,8.88348,764680472.8,2.924841052,5.52485,,,,,,,,,,1,2,244,0,0,0,0.995727452,0.995727452,0.49704142,7.918076414,0.998403563,0.995840377,#fdc067,#fdc067,14,10,1799,0.914729464,0.240253268,0.354880406,0.182730437,0.055007343,0.038921796,8.305320522,0.768088069,0.99663808
366292_177-LP4-ITS-0677,1960,17.33333333,19,366294_177-LP4-16S-0677,473.004386,4.5,2,W04.02.02,E,1,4,2,2,E01,3.740310115,2493.539453,3.69,10.76,4.88E+12,12.68816255,10.17493,14959945108,2.513232551,7.53495,1.801208947,0.343495416,0.049590926,0.013444943,0.673629782,7.904137802,137.272157,33.0262069,391.0827875,2,4,473,0.026463036,0.026463036,0.005277008,0.100051902,0.050025951,0.020900277,7.941100943,0.893694834,0.995803459,#2c3847,#9ec8ff,14,14,1960,0.928256057,0.243806022,0.360097667,0.213387759,0.056046196,0.043449146,8.305814954,0.759448653,0.99663732
366292_192-LP4-ITS-0692,2133,12.33333333,14,366294_192-LP4-16S-0692,678,5,4,W17.02.06,D,3,17,6,2,D03,5.093845663,3395.89626,3.61,12.98,3.31E+12,12.52040754,8.85974,724002390.3,3.660667541,6.83506,1.489712644,0.070993909,0.042141614,0,0.031271297,7.170192848,167.864504,54.92965517,354.7291446,4,5,678,0.931916136,0.465958068,0.410367357,1.084048916,0.466874456,0.463536247,8.847594163,0.940718882,0.997651979,#98733e,#fdc067,14,12,2133,0.949326767,0.249340234,0.362500897,0.175448855,0.04894022,0.035084005,8.333590662,0.75357995,0.99665678
366292_197-LP4-ITS-0697,2044,14.85714286,14.5,366294_197-LP4-16S-0697,708,5,5,W17.03.10,A,4,17,10,3,A04,1.437706523,958.4707758,3.59,13.04,1.45E+12,12.16230447,8.33726,217400230.4,3.825044469,4.8451,1.472497612,0.102739005,0.020949351,0,0.018987348,9.709792174,299.5160857,44.84689655,481.4424806,5,5,708,0.749977285,0.322997636,0.245540166,0.625965424,0.269588634,0.186339555,8.596671407,0.908009038,0.996869555,#c0924e,#fdc067,14,14,2044,0.854769392,0.224504783,0.340880854,0.115911005,0.030443972,0.020478877,8.269110879,0.751930156,0.996603826
366292_204-LP4-ITS-0704,2007,17.5,14.33333333,366294_204-LP4-16S-0704,708,5,5,W30.02.05,H,4,30,5,2,H04,7.494639919,4996.425364,3.72,12.69,1.68E+12,12.22647359,7.813171397,65038631.87,4.413302196,4.02064,1.74992018,0.126561487,0.018630642,0,0,6.551582101,149.3968994,31.79034483,355.39364,5,5,708,1.121667174,0.483075758,0.385900277,1.225763387,0.527907556,0.414812015,8.630546535,0.911587042,0.997049644,#3d0f39,#751c6d,14,16,2007,0.940942018,0.247137984,0.361002862,0.206418418,0.051604604,0.041817068,8.327739443,0.759080517,0.996653342
366292_206-LP4-ITS-0706,2023,14,14,366294_206-LP4-16S-0706,708,5,5,W30.01.04,B,5,30,4,1,B05,6.291966849,4194.643517,3.67,12,4.44E+12,12.64697685,8.3471,222382188.6,4.299876852,5.46035,1.568310508,0.090821694,0.015929162,0,0,6.801722524,153.3058518,34.60137931,337.8089313,5,5,708,0.836276341,0.360164616,0.257354571,0.767627653,0.330599236,0.231592798,8.577330567,0.905966194,0.996791001,#330c30,#751c6d,14,12,2023,0.918237098,0.241174547,0.351378529,0.189230066,0.052784392,0.039483102,8.315237716,0.75715036,0.996640137
366292_208-LP4-ITS-0708,2123,14.5,14,366294_208-LP4-16S-0708,708,5,5,W30.03.01,D,5,30,1,3,D05,3.886945842,2591.29658,3.59,11.13,3.58E+12,12.55355658,9.734576407,5427207258,2.81898017,7.34491,0.878790601,0.021910127,0,0,0,5.95618798,67.07769513,22.44413793,268.7704468,5,5,708,0.375712017,0.161810358,0.096731302,0.456166393,0.196460172,0.125623269,8.217034412,0.867910515,0.996162819,#170616,#751c6d,14,14,2123,1.018646089,0.267546922,0.367521443,0.258994558,0.0680248,0.055633413,8.408768929,0.760844521,0.996720529
366292_222-LP4-ITS-0722,2158,13.2,14,366294_222-LP4-16S-0722,708,5,5,W17.01.02,B,7,17,2,1,B07,6.976050152,4650.698939,3.53,11.07,6.53E+12,12.81468367,9.65128,4480020487,3.163403669,7.45514,1.550143416,0.067594167,0.005579623,0,0.045228289,13.21625164,394.0854915,70.35034483,682.9127237,5,5,708,0.272190143,0.117225914,0.066814404,0.406793783,0.175196546,0.106468144,8.10405567,0.855977325,0.996010852,#47361d,#fdc067,14,13,2158,0.910491019,0.239140043,0.35056891,0.163291544,0.044127605,0.031214694,8.309658474,0.750275303,0.996633773
366292_232-LP4-ITS-0732,1933,23.5,17.33333333,366294_232-LP4-16S-0732,718,5,6,W30.01.05,D,8,30,5,1,D08,7.149346921,4766.230089,3.79,12.96,3.35E+12,12.52473745,8.296641874,197989370.1,4.228095577,5.44634,1.368322175,0.091993391,0.017452885,0,0,6.540348249,122.0414016,54.20137931,324.1509374,6,5,718,1.64198176,0.635205253,0.596385879,1.588125729,0.683968523,0.57685955,9.124638792,0.961719291,0.997954242,#3d0f39,#751c6d,14,13,1933,0.886410199,0.232815227,0.355166352,0.135459121,0.036606223,0.026076123,8.284872105,0.758922415,0.996617568
366292_128-LP4-ITS-0628,2092,14.2,15.25,366294_128-LP4-16S-0628,708,5,5,W30.03.28,D,7,30,28,3,D07,0.854114434,569.4096228,3.85,28,2.45E+11,11.38951515,7.984139148,96413788.4,3.405376004,4.09797,,,,,,,,,,5,5,708,1.496917972,0.64468748,0.517248,1.592843589,0.686000394,0.546625234,8.97915965,0.948408719,0.997624833,#751c6d,#751c6d,15,13,2092,0.90188875,0.230845663,0.355525219,0.123533023,0.033383336,0.022725711,8.298968321,0.752354161,0.996626105
366292_178-LP4-ITS-0678,2248,13,16.5,366294_178-LP4-16S-0678,603,5,3,W30.02.07,F,1,30,7,2,F01,3.444762718,2296.507905,3.79,14.81,8.22E+11,11.9146784,8.32757048,212603534.3,3.587107922,4.95424,1.483259791,0.140330444,0.035612424,0,0,22.70885602,283.7745318,166.0910345,484.4004342,3,5,603,1.231273946,0.776847367,0.507645429,1.323358816,0.56993962,0.516024931,8.925606181,0.966391562,0.997653861,#50134a,#751c6d,15,12,2248,0.842827712,0.215728516,0.327187973,0.156982421,0.043789139,0.030034315,8.283669243,0.74396911,0.996610506
366292_182-LP4-ITS-0682,2253,18.75,16.2,366294_182-LP4-16S-0682,663,5,6,W17.01.06,B,2,17,6,1,B02,3.352099343,2234.732336,3.62,13.06,2.01E+12,12.30342935,8.91803,827999357.9,3.385399347,6.70927,1.272937985,0.061905669,0.02499789,0,0.03764907,6.710353866,109.5976342,52.13793103,291.663483,5,5,663,1.015785535,0.437475018,0.439113573,1.023315249,0.440717889,0.423876191,8.886093357,0.948065858,0.997735628,#98733e,#fdc067,15,15,2253,0.896601299,0.229492298,0.348443331,0.203118097,0.051989707,0.040643303,8.291396242,0.744448779,0.996621844
366292_194-LP4-ITS-0694,1945,16,20,366294_194-LP4-16S-0694,658,8,5,W04.02.21,F,3,4,21,2,F03,3.340394495,2226.929107,3.41,12.34,2.01E+12,12.30242618,9.32317,2104602103,2.979256177,6.92477,1.775158128,0.236731359,0.017217334,0.002664899,0.060083559,6.639955065,116.6878753,32.24827586,374.6043352,5,5,658,0.326140644,0.14046113,0.081869806,0.145399252,0.062620049,0.031246537,8.1192836,0.867264726,0.996021897,#91b8eb,#9ec8ff,15,14,1945,0.911590001,0.233328776,0.357126844,0.202923187,0.053297681,0.041188937,8.296596986,0.759375374,0.996630359
366292_202-LP4-ITS-0702,2245,8.5,43,366294_202-LP4-16S-0702,708,5,5,W17.02.21,F,4,17,21,2,F04,28.1237832,18749.18411,3.51,14.27,3.01E+12,12.47839332,9.09926,1256782139,3.37913332,5.30103,1.212379157,0.140640064,0.02364347,0,0,6.358359858,113.4223497,41.52,320.4312219,5,5,708,1.340154874,0.577173288,0.55533241,1.307968627,0.563311426,0.546786704,9.063241735,0.957289748,0.998006598,#e9b15f,#fdc067,15,8,2245,0.84790168,0.217027239,0.33666351,0.108218695,0.036072898,0.021017893,8.274362765,0.743261888,0.996606368
366292_214-LP4-ITS-0714,2176,13,15,366294_214-LP4-16S-0714,708,5,5,W30.03.04,B,6,30,4,3,B06,7.819449435,5212.964986,3.68,12.05,2.68E+12,12.42848468,8.450545719,282192663.7,3.977938962,5.12605,2.003557944,0.125499068,0.028494356,0,0,35.63976783,618.5446725,104.7889655,818.0452056,5,5,708,1.69764255,0.73113485,0.601426593,1.676683335,0.722108208,0.58962515,9.118399648,0.963115711,0.997902608,#330c30,#751c6d,15,12,2176,0.936533468,0.239713257,0.363792669,0.168601528,0.047030207,0.032852191,8.319260306,0.750330389,0.99664331
366292_219-LP4-ITS-0719,2035,15,15.2,366294_219-LP4-16S-0719,603,4,3,W04.01.06,G,6,4,6,1,G06,6.668147639,4445.430648,3.7,9.96,6.35E+12,12.8028004,8.89818,791006404.8,3.904620398,6.76042,1.396188033,0.374572706,0.032704837,0,3.051191573,6.341883542,106.2837172,23.96689655,277.0424367,3,4,603,0.092802199,0.058551668,0.020872576,0.140136094,0.070068047,0.031232687,7.990245991,0.865118419,0.995858924,#5f7899,#9ec8ff,15,14,2035,0.916000875,0.234457775,0.345081733,0.196931891,0.05172407,0.040079781,8.328269128,0.757748227,0.996649175
366292_230-LP4-ITS-0730,2279,13.33333333,15.25,366294_230-LP4-16S-0730,451,6,3,W04.03.10,B,8,4,10,3,B08,5.827349434,3884.898651,3.6,11.07,5.87E+12,12.76833984,8.08027,120301211.2,4.688069838,5.74819,1.472336152,0.212016444,0.000890679,0,0.064002296,6.613742745,108.1225916,30.18758621,343.5227919,3,5,451,0.201116357,0.126890294,0.051578947,0.266009839,0.114564202,0.066731302,8.042641594,0.912176084,0.995947613,#7898c2,#9ec8ff,15,13,2279,0.984008121,0.251864775,0.379673143,0.213861648,0.057793577,0.042321469,8.339805023,0.747683929,0.996659727
366292_246-LP4-ITS-0746,2027,14.2,15.75,366294_246-LP4-16S-0746,708,5,5,W30.02.06,B,10,30,6,2,B10,7.755072774,5170.047223,3.82,16.01,1.31E+12,12.11850612,8.247095396,176642578.7,3.871410721,5.28864,1.201583573,0.095909166,0.016208879,0,0,6.349372777,86.39483825,92.8662069,266.0250302,5,5,708,1.504800608,0.648082346,0.585201982,1.450248104,0.624587862,0.568240997,9.141331162,0.965537814,0.998098922,#461141,#751c6d,15,14,2027,0.893508394,0.228700644,0.344087582,0.201027929,0.052799892,0.039553491,8.294985689,0.755110354,0.996624631
366292_250-LP4-ITS-0750,2393,18,24.33333333,366294_250-LP4-16S-0750,708,4,5,W30.01.14,F,10,30,14,1,F10,4.870803293,3247.201384,3.84,23.61,3.32E+11,11.52165187,7.787887391,61360288.23,3.733764478,3.69897,1.355516686,0.214657316,0.04338562,0,0,6.73956188,69.76252352,214.7531034,211.815445,5,4,708,0.978036679,0.421217471,0.332963989,0.87531674,0.43765837,0.32434903,8.63903629,0.912483758,0.996960554,#62185c,#751c6d,15,11,2393,0.834541496,0.213607593,0.343694328,0.068634905,0.019839937,0.011954612,8.249427808,0.734941501,0.996588307
366292_257-LP4-ITS-0757,2263,13.75,18.33333333,366294_257-LP4-16S-0757,653,5,4,W17.02.07,E,11,17,7,2,E11,6.418119093,4278.744992,3.67,14.02,1.09E+12,12.0367606,8.97219,937972271.8,3.064570601,6.76869,1.331820964,0.079906092,0.012035203,0,0.030081079,7.189664857,135.2307554,72.86068966,359.3245264,4,5,653,1.333768184,0.666884092,0.562493075,1.378270146,0.593588643,0.566177285,9.046208753,0.967411784,0.997998582,#ac8346,#fdc067,15,13,2263,0.883240692,0.226072543,0.341490253,0.176088426,0.047585811,0.034528837,8.293319472,0.744194539,0.996622365
366292_174-LP4-ITS-0674,2271,16.2,18,366294_174-LP4-16S-0674,678,4,4,W17.02.02,B,1,17,2,2,B01,7.078467567,4718.977198,3.54,11.9,4.88E+12,12.68816255,9.92774,8467203545,2.760422551,7.3067,1.605657995,0.10840929,0.00563115,0,0,6.894589028,134.472623,30.81931034,354.5758895,4,4,678,0.19493178,0.09746589,0.046929198,0.197902839,0.09895142,0.046606648,8.075073845,0.858580796,0.995963206,#47361d,#fdc067,16,15,2271,0.971122671,0.242780668,0.360019864,0.234008006,0.059896227,0.047394519,8.354781498,0.749367439,0.996673129
366292_193-LP4-ITS-0693,2179,19.75,19.33333333,366294_193-LP4-16S-0693,451,4,3,W04.02.14,E,3,4,14,2,E03,4.605168284,3070.111422,3.59,11.93,4.88E+12,12.68816255,8.92716,845590314.8,3.761002551,6.90036,1.811737286,0.245194289,0.023709718,0.008265704,0.044251412,9.354053548,356.5677928,70.22896552,662.960808,3,4,451,0.168363299,0.106225414,0.041440443,0.157879637,0.078939819,0.036357341,8.022190398,0.909856561,0.99591507,#85a8d6,#9ec8ff,16,16,2179,0.932817949,0.233204487,0.354468571,0.207744213,0.051936053,0.044430041,8.32401755,0.75062489,0.996650062
366292_227-LP4-ITS-0727,2288,12,17,366294_227-LP4-16S-0727,718,5,6,W30.03.02,G,7,30,2,3,G07,5.763623042,3842.414401,3.62,11.53,1.30E+12,12.1135824,9.882637822,7631990516,2.230944582,7.16122,1.828957885,0.086213828,0.015531669,0,0,7.38513387,164.0595035,37.16137931,373.4206706,6,5,718,1.497001563,0.579119257,0.521897507,1.530719818,0.659245143,0.539261074,9.051491319,0.954009689,0.997757301,#21081f,#751c6d,16,12,2288,0.965606915,0.241401729,0.356898911,0.272177314,0.075921942,0.057827376,8.356335081,0.748784178,0.996675797
366292_118-LP4-ITS-0618,2260,12.5,20,366294_118-LP4-16S-0618,718,5,6,W04.02.28,B,6,4,28,2,B06,5.473261585,3648.841056,3.48,13.74,9.59E+11,11.98189015,9.13133,1353100330,2.850560153,7.03433,,,,,,,,,,6,5,718,1.126453935,0.435771867,0.354196676,0.897435653,0.386504498,0.288573407,8.624817617,0.909039105,0.996927816,#9ec8ff,#9ec8ff,17,11,2260,0.892920305,0.218453437,0.35049525,0.142412699,0.041166502,0.027770831,8.28983184,0.744009351,0.996619406
366292_132-LP4-ITS-0632,2241,21,17.33333333,366294_132-LP4-16S-0632,728,5,7,W04.01.28,H,7,4,28,1,H07,5.961593758,3974.395838,3.5,13.61,1.19E+12,12.07595187,9.01837,1043205817,3.057581871,7.09691,,,,,,,,,,7,5,728,1.319615338,0.470056468,0.444598338,1.023748053,0.440904288,0.353559557,8.665578828,0.911418384,0.997110237,#9ec8ff,#9ec8ff,17,16,2241,1.102181698,0.26964935,0.394634442,0.396778635,0.099194659,0.091695927,8.425942942,0.757052853,0.996740732
366292_184-LP4-ITS-0684,2442,16.2,20,366294_184-LP4-16S-0684,678,5,4,W17.02.03,D,2,17,3,2,D02,7.135366131,4756.909565,3.57,11.5,7.93E+12,12.89911269,9.20538,1604648816,3.693732693,7.35998,1.580670589,0.073306949,0.012793384,0,0.024590356,7.284778131,164.7387759,32.25655172,414.5714983,4,5,678,0.31709149,0.158545745,0.086895664,0.430652857,0.18547209,0.11598338,8.172037632,0.868890454,0.996112961,#5b4525,#fdc067,17,15,2442,0.963723032,0.235775362,0.36682145,0.223184295,0.057125811,0.045698096,8.332699865,0.740431206,0.996652543
366292_187-LP4-ITS-0687,2331,19.75,17.33333333,366294_187-LP4-16S-0687,688,5,6,W17.01.05,G,2,17,5,1,G02,4.515756255,3010.503418,3.7,13.09,1.35E+12,12.13065213,8.85466,715582976,3.275992134,6.84347,1.360165636,0.070222896,0.010445231,0,0.021704638,7.69593709,186.1887266,41.15310345,384.486137,5,5,688,0.718423798,0.309408289,0.250637119,0.668381926,0.287856428,0.211052632,8.610894446,0.913500169,0.996958258,#846436,#fdc067,17,16,2331,0.995001782,0.243427725,0.353453379,0.235526607,0.058881652,0.048474136,8.381964417,0.74927722,0.996691933
366292_210-LP4-ITS-0710,2255,16.6,19,366294_210-LP4-16S-0710,491,5,5,W04.03.05,F,5,4,5,3,F05,7.068388393,4712.257751,3.65,10.17,8.66E+12,12.93728514,8.84352,697461115.4,4.093765136,6.37483,1.731903414,0.579388981,0.053440719,0.102862093,4.55924287,6.557573488,111.9007079,24.58206897,285.5574584,5,5,491,0.394197547,0.169771643,0.106149584,0.362073384,0.155936519,0.09686179,8.113875632,0.907635073,0.99607058,#526885,#9ec8ff,17,16,2255,0.97073636,0.237491177,0.362804304,0.213637756,0.053409439,0.041811949,8.348204331,0.749463192,0.996666188
366292_220-LP4-ITS-0720,2327,22.66666667,18.5,366294_220-LP4-16S-0720,603,3,3,W04.03.03,H,6,4,3,3,H06,4.445527171,2963.68404,3.64,10.46,1.09E+13,13.03570984,9.28575,1930856507,3.749959838,7.02859,1.502768675,0.594007874,0.039211944,0.009635793,5.130637405,7.088560195,132.2502016,25.32137931,294.8530513,3,3,603,0.14870122,0.093820024,0.036396294,0.113842629,0.071826702,0.026052632,8.066936179,0.873421804,0.995953777,#39485c,#9ec8ff,17,18,2327,0.988757317,0.241900014,0.364360889,0.217601517,0.052183557,0.044014646,8.367426255,0.748143339,0.996685841
366292_221-LP4-ITS-0721,2411,15.75,17,366294_221-LP4-16S-0721,708,5,5,W04.01.14,A,7,4,14,1,A07,6.720819452,4480.545181,3.63,11.98,3.42E+12,12.5342432,8.90728,807755641.7,3.626963199,6.87714,1.163523433,0.148690169,0.014162527,0.019994271,0.0260276,7.526680397,214.2288736,39.87862069,435.3340896,5,5,708,0.498031645,0.214490555,0.148690137,0.355242646,0.15299468,0.091923615,8.287879045,0.875393361,0.996316605,#85a8d6,#9ec8ff,17,15,2411,1.045336214,0.255742072,0.376448142,0.243404741,0.062301397,0.049562969,8.393241918,0.747034375,0.996706237
366292_255-LP4-ITS-0755,2285,15,17,366294_255-LP4-16S-0755,708,5,5,W04.01.01,C,11,4,1,1,C11,7.974213528,5316.141023,3.66,9.59,7.97E+11,11.90126429,10.21629,16454701186,1.68497429,7.51433,1.678354199,0.276854392,0.039285553,0.02639304,0.925282319,13.45740498,368.9667533,84.27862069,832.7416353,5,5,708,0.298040098,0.128358883,0.077225619,0.399878614,0.172218345,0.106543396,8.122250029,0.857899073,0.996045424,#202833,#9ec8ff,17,15,2285,1.027451935,0.251366673,0.37644424,0.252988635,0.064754471,0.053929472,8.378933325,0.750936504,0.996692602
366292_173-LP4-ITS-0673,2477,18.5,18.75,366294_173-LP4-16S-0673,718,5,6,W30.02.21,A,1,30,21,2,A01,0.1,66.666666,3.65,13.86,1.31E+12,12.11859867,7.666149273,46360624.02,4.452449397,5.11255,1.342460655,0.220291175,0.039815544,0,0,6.63246583,130.1711623,39.73793103,362.5494444,6,5,718,1.911743408,0.739563304,0.687368775,1.800443955,0.775409005,0.661455976,9.162722168,0.965733205,0.998022413,#6c1a64,#751c6d,18,16,2477,0.975266338,0.233881026,0.35517745,0.259308053,0.064827013,0.053487883,8.357677726,0.741298333,0.996672401
366292_179-LP4-ITS-0679,2664,20,21.75,366294_179-LP4-16S-0679,718,6,9,W17.03.06,G,1,17,6,3,G01,6.556951588,4371.299966,3.62,12.97,1.62E+12,12.21000801,8.98408,964006583.8,3.225928007,6.73878,1.320669054,0.073829052,0.021817946,0,0.035291091,7.154465456,145.8535711,38.06896552,328.1366902,6,5,718,0.896943008,0.346984921,0.340780139,0.939898441,0.404792226,0.3566759,8.768012893,0.924131611,0.99734212,#98733e,#fdc067,18,18,2664,0.958476068,0.22985451,0.357568067,0.229991965,0.05515494,0.045318815,8.347267419,0.733543358,0.996664003
366292_188-LP4-ITS-0688,2355,27.5,18,366294_188-LP4-16S-0688,688,3,5,W04.01.05,H,2,4,5,1,H02,6.647339021,4431.558239,3.71,10.25,7.45E+12,12.87199068,8.42728,267473031.5,4.444710685,6.33127,1.440222212,0.187781137,0,0,0.089872698,6.852649317,101.8567972,29.96689655,332.5647894,5,3,688,0.187429384,0.080721442,0.041537396,0.092802199,0.058551668,0.020872576,8.020375035,0.850853996,0.995888431,#526885,#9ec8ff,18,24,2355,1.132834998,0.271667955,0.394350839,0.429416708,0.093657627,0.091240921,8.43435979,0.752966232,0.996743513
366292_199-LP4-ITS-0699,2418,20.5,18.5,366294_199-LP4-16S-0699,718,5,6,W30.02.04,C,4,30,4,2,C04,6.222713168,4148.474408,3.65,12.23,2.96E+12,12.47126383,8.439958692,275396674.7,4.031305141,5.12605,1.469090239,0.087871203,0.006404053,0,0,6.683392623,135.0569047,31.70758621,353.8377673,6,5,718,0.89426408,0.34594857,0.285854259,0.8751416,0.376902972,0.287853186,8.576181807,0.903912985,0.996830275,#330c30,#751c6d,18,17,2418,0.911595497,0.218611965,0.34983451,0.164023143,0.040128351,0.031143991,8.308329438,0.73920162,0.996632436
366292_205-LP4-ITS-0705,2394,17.6,19,366294_205-LP4-16S-0705,588,4,3,W04.02.07,A,5,4,7,2,A05,4.352863796,2901.908472,3.64,11.9,7.85E+12,12.89509477,9.06845,1170711811,3.826644768,6.7708,1.633835638,0.440029892,0.035847975,0.030623755,3.105784409,6.77026774,134.4116856,26.19310345,290.4391993,3,4,588,0.094788745,0.059805039,0.020886427,0.251341588,0.125670794,0.061814404,7.998387929,0.869420956,0.995865827,#6b88ad,#9ec8ff,18,17,2394,1.009701554,0.24213902,0.367415457,0.297047721,0.072672886,0.06225116,8.365309634,0.745225394,0.996680644
366292_256-LP4-ITS-0756,2531,19.5,18,366294_256-LP4-16S-0756,426,5,3,W04.03.21,D,11,4,21,3,D11,6.997509039,4665.00486,3.4,12.42,8.90E+11,11.94941587,9.36607,2323111207,2.583345868,6.97857,1.809359919,0.247531612,0.013477955,0.007829082,0.165047325,6.320913687,137.5750515,30.00827586,312.8359742,3,5,426,0.312545773,0.197194428,0.09998615,0.478748379,0.206185704,0.134819945,8.106868201,0.928121089,0.99609333,#91b8eb,#9ec8ff,18,18,2531,1.011787826,0.242639334,0.369945866,0.296983192,0.071220272,0.060074024,8.381610198,0.741375108,0.996690657
366292_175-LP4-ITS-0675,2664,20,20.66666667,366294_175-LP4-16S-0675,361,5,2,W17.03.01,C,1,17,1,3,C01,5.055479774,3370.319007,3.56,10.61,6.39E+12,12.8056918,9.97873,9522039967,2.826961797,7.41102,1.670275606,0.157256306,0.040323452,0.018308007,0.08412372,8.748923423,229.2893628,38.83586207,433.3789293,2,4,361,0.066633733,0.066633733,0.015705822,0.136859482,0.068429741,0.031204986,7.952775216,0.936077086,0.995825381,#332615,#fdc067,19,18,2664,0.989344336,0.232900475,0.382342343,0.236842255,0.056797725,0.045728462,8.332560445,0.732250935,0.996654135
366292_186-LP4-ITS-0686,2564,21.75,21,366294_186-LP4-16S-0686,734,5,11,W17.02.05,F,2,17,5,2,F02,6.199303473,4132.867949,3.61,13.2,2.78E+12,12.44406354,8.84867,705781060.5,3.595393542,6.8078,1.586728142,0.067266335,0.026897023,0,0.037570471,7.701179554,211.7662873,70.95724138,387.50752,8,5,734,1.048720194,0.349573398,0.420969529,0.936512311,0.403333899,0.393185596,8.850571224,0.929717375,0.997647088,#846436,#fdc067,19,18,2564,0.966072601,0.227422101,0.3677392,0.243196172,0.058321474,0.048030739,8.32702952,0.735331752,0.996651697
366292_189-LP4-ITS-0689,2540,17.5,26,366294_189-LP4-16S-0689,708,5,6,W17.02.10,A,3,17,10,2,A03,4.966718015,3311.144515,3.66,15.42,3.53E+12,12.54752981,8.45939,287998350.3,4.088139807,4.60206,1.389462367,0.102739005,0.032248456,0,0.054222296,9.442426512,201.0072587,142.3944828,393.8660421,5,4,708,1.087027903,0.468157436,0.500110803,1.030453824,0.515226912,0.493587258,8.931734947,0.943399564,0.997883671,#c0924e,#fdc067,19,16,2540,0.995611138,0.234375736,0.378308783,0.236729536,0.059182384,0.046234286,8.342392878,0.73757214,0.996662297
366292_190-LP4-ITS-0690,2574,18.16666667,21,366294_190-LP4-16S-0690,708,8,8,W17.03.02,B,3,17,2,3,B03,6.019504012,4013.001671,3.54,11.85,8.06E+12,12.90614479,10.05161,11261856780,2.854534794,7.47842,1.648383787,0.095805959,0.016989143,0,0.006714627,6.997191537,133.9958778,30.05241379,362.3586197,5,5,708,0.145399252,0.062620049,0.031246537,0.145399252,0.062620049,0.031246537,8.039605665,0.849169901,0.995911178,#47361d,#fdc067,19,18,2574,1.02109823,0.240375625,0.375821905,0.364315722,0.087367452,0.077109701,8.364473794,0.738272211,0.996679574
366292_198-LP4-ITS-0698,2749,26.5,21.5,366294_198-LP4-16S-0698,598,3,4,W04.01.03 ,B,4,4,3,1,B04,6.282537944,4188.357582,3.68,10.59,1.33E+13,13.12245508,9.30815,2033059083,3.814305084,7.3196,1.717165966,0.214523755,0.015318201,0,0.397240918,14.92229919,440.1147056,100.5848276,971.9709445,4,3,598,0.121092333,0.060546167,0.026080332,0.131596324,0.083028036,0.031191136,7.975433521,0.86463921,0.995840045,#39485c,#9ec8ff,19,16,2749,0.98126672,0.230998932,0.366068346,0.247779923,0.061944981,0.052285349,8.35453541,0.73127013,0.996671272
366292_226-LP4-ITS-0726,2826,22,21.5,366294_226-LP4-16S-0726,718,6,6,W04.03.14,F,7,4,14,3,F07,10.07653418,6717.687771,3.6,12.11,7.48E+12,12.87409838,8.72578,531838778.1,4.148318379,6.80943,1.671923617,0.219301607,0.026492169,0.004486666,0.062845763,7.949822131,234.2665113,43.48689655,531.2075237,6,5,718,0.595781018,0.230479559,0.163822715,0.404352464,0.174145128,0.115429363,8.23774911,0.868242833,0.996219215,#85a8d6,#9ec8ff,19,17,2826,1.030681044,0.242631505,0.38019096,0.208511566,0.051012468,0.040672306,8.3814289,0.731073789,0.99669338
366292_229-LP4-ITS-0729,2651,20,20.2,366294_229-LP4-16S-0729,708,4,5,W04.03.07,A,8,4,7,3,A08,6.655792522,4437.193905,3.62,11.49,8.01E+12,12.90380598,8.85814,721339974.2,4.045665982,6.79019,1.373204964,0.339688919,0.008700679,0.059380576,2.687860643,6.200337016,88.6835738,21.68275862,282.6580305,5,4,708,0.30526974,0.131472521,0.076997515,0.159169703,0.079584852,0.036371191,8.130751158,0.858796991,0.996050744,#6b88ad,#9ec8ff,19,18,2651,0.969662661,0.228267233,0.359745314,0.288763753,0.069249148,0.059072677,8.345189943,0.733815901,0.996663654
366292_237-LP4-ITS-0737,2537,18.2,19.25,366294_237-LP4-16S-0737,653,5,4,W04.01.02,A,9,4,2,1,A09,3.321536686,2214.357237,3.67,9.69,1.55E+13,13.19018878,9.86116,7263735140,3.329028778,7.45165,0.662366702,0.097517972,0.007846805,0,0.216395132,6.252761655,55.27556233,19.41793103,242.6217538,4,4,653,0.157879637,0.078939819,0.036357341,0.119105787,0.059552894,0.026066482,8.036494001,0.859431747,0.995914376,#2c3847,#9ec8ff,19,18,2537,1.065320526,0.250785947,0.367649645,0.357734788,0.085789262,0.073388054,8.417993861,0.744368422,0.996725341
366292_258-LP4-ITS-0758,2541,20.5,21.5,366294_258-LP4-16S-0758,708,5,5,W04.01.07,F,11,4,7,1,F11,4.359691623,2906.460356,3.71,9.43,6.79E+11,11.83183715,9.21728,1649225344,2.614557153,6.82868,1.765787851,0.460719753,0.040433866,0.100332697,2.850179449,6.964238907,145.1635451,26.34206897,316.0639904,5,5,708,0.43160951,0.185884098,0.120703699,0.37213305,0.160268981,0.105637119,8.215575737,0.867756445,0.996196727,#6b88ad,#9ec8ff,19,18,2541,0.987272475,0.232412741,0.369824654,0.228079243,0.054696246,0.045191004,8.341218791,0.737431312,0.996665259
366292_234-LP4-ITS-0734,2580,24,22,366294_234-LP4-16S-0734,708,4,5,W17.02.04,F,8,17,4,2,F08,10.34249432,6894.994489,3.57,12.02,4.38E+12,12.64119044,9.30103,2000000020,3.340160437,7.32222,1.320702459,0.066373902,0.012314921,0,0.050853754,7.981276914,188.6943274,44.6262069,406.3607177,5,4,708,1.321291477,0.569049266,0.476409939,1.25756972,0.62878486,0.46465374,8.947217986,0.945034934,0.997595242,#6f542d,#fdc067,20,21,2580,1.018540531,0.235668088,0.371770238,0.304403712,0.069303669,0.060129157,8.374901112,0.738973468,0.996688371
366292_263-LP4-ITS-0763,2807,19,21.5,366294_263-LP4-16S-0763,708,5,5,W17.03.07,C,12,17,7,3,C12,7.626319452,5084.211697,3.61,13.09,4.72E+11,11.67394476,9.0809,1204758503,2.593044759,7.07578,1.522104963,0.087937983,0.010489397,0,0,8.589402734,364.2243929,53.31310345,569.7125188,5,5,708,1.358890509,0.585242287,0.543223874,1.308807091,0.563672533,0.521745152,8.73688482,0.922818845,0.99738589,#ac8346,#fdc067,20,17,2807,1.032493593,0.238896523,0.372780525,0.272038561,0.066554381,0.055226186,8.392649241,0.732674465,0.996699653
366292_267-LP4-ITS-0767,2956,23.25,23.33333333,366294_267-LP4-16S-0767,708,5,5,W17.01.03,G,12,17,3,1,G12,3.978958948,2652.638636,3.54,11.23,6.33E+11,11.80160194,9.44876,2810347346,2.352841945,7.51723,1.390625997,0.060733972,0.010202319,0,0.06162186,8.557199026,274.5102608,41.26344828,482.9191154,5,5,708,1.088765882,0.468905942,0.411398892,1.159804841,0.499500757,0.438490305,8.563035751,0.904456328,0.997026814,#5b4525,#fdc067,20,18,2956,1.086749832,0.251450234,0.383939846,0.301695098,0.072350246,0.06398031,8.42753507,0.730958483,0.996732017
366292_183-LP4-ITS-0683,2642,21.75,21.42857143,366294_183-LP4-16S-0683,678,4,4,W04.02.06,C,2,4,6,2,C02,6.215235071,4143.489012,3.69,10.55,8.13E+12,12.91016265,8.82995,676005142.9,4.080212655,6.94645,1.889722714,0.256686633,0.006669048,0.025775747,0.074242664,8.036697248,164.8749888,34.63448276,431.9742135,4,4,678,0.161156249,0.080578125,0.036385042,0.140136094,0.070068047,0.031232687,8.043391376,0.855212163,0.9959191,#5f7899,#9ec8ff,21,18,2642,1.021113994,0.232477277,0.365075936,0.312389907,0.074914994,0.066724596,8.37864753,0.737075906,0.996693391
366292_207-LP4-ITS-0707,2907,18.5,28,366294_207-LP4-16S-0707,708,4,5,W04.02.03,C,5,4,3,2,C05,4.634430403,3089.619496,3.65,10.11,5.91E+12,12.77153824,9.37611,2377442379,3.395428243,7.43527,1.564758377,0.236895275,0.026845496,0,0.270325488,7.348436622,107.9146877,30.13517241,368.2905551,5,4,708,0.396672958,0.170837744,0.110734072,0.325659893,0.162829946,0.091436289,8.294306847,0.876072287,0.996297176,#39485c,#9ec8ff,21,16,2907,0.982887891,0.223774331,0.371177633,0.228651898,0.057162974,0.048873633,8.344547148,0.725277569,0.996660455
366292_218-LP4-ITS-0718,2990,26,23,366294_218-LP4-16S-0718,708,5,5,W30.02.03,F,6,30,3,2,F06,8.344867029,5563.243295,3.67,12.98,3.89E+12,12.5900936,8.948889386,888974668.8,3.641204212,6.17609,1.389016959,0.077392711,0.004409227,0,0,6.725332335,173.443857,73.40965517,390.2081458,5,5,708,1.608340788,0.692674675,0.620747922,1.563455825,0.673343773,0.59267313,9.18697747,0.970359128,0.998135424,#2a0a27,#751c6d,21,22,2990,1.026823362,0.23377713,0.373919114,0.256174202,0.057445483,0.050161174,8.3851971,0.726247021,0.996693483
366292_259-LP4-ITS-0759,2900,22.75,24.33333333,366294_259-LP4-16S-0759,678,5.5,4,W04.02.05,G,11,4,5,2,G11,2.366941353,1577.960508,3.68,9.99,4.04E+11,11.60675745,8.76583,583216765.5,2.840927447,6.26128,1.721102262,0.557175306,0.068199485,0.069739054,4.473165396,6.650439993,124.8642351,25.20551724,286.2804308,4,5,678,0.313792762,0.156896381,0.09112997,0.362957081,0.156317106,0.105429363,8.139513363,0.865432316,0.996091843,#526885,#9ec8ff,21,19,2900,1.00503773,0.22881719,0.362145056,0.296425777,0.06978127,0.059677671,8.378784983,0.728473621,0.996685093
366292_262-LP4-ITS-0762,2912,23.75,21.5,366294_262-LP4-16S-0762,718,5,6,W17.03.04,B,12,17,4,3,B12,7.26607026,4844.045629,3.56,11.64,1.12E+12,12.04907841,9.10149,1263252016,2.947588406,7.34242,1.610741217,0.073859407,0.015082649,0,0.022917313,8.037446171,260.2186576,37.22758621,440.6892573,6,5,718,1.211627457,0.468721483,0.443744576,1.003884324,0.432349445,0.37200831,8.655200008,0.912241351,0.997150141,#6f542d,#fdc067,21,20,2912,1.089909073,0.24813987,0.38393966,0.366422472,0.084782177,0.077202974,8.422807994,0.731921994,0.996726471
366292_265-LP4-ITS-0765,2947,24,23,366294_265-LP4-16S-0765,708,5,5,W30.03.05,E,12,30,5,3,E12,13.22058624,8813.721957,3.71,12.71,6.88E+11,11.83743565,8.139867245,137996237.4,3.697568406,4.91987,1.588966318,0.099023573,0.011497852,0,0,6.680396929,139.7813424,34.56551724,351.3939327,5,5,708,1.568481878,0.675508377,0.596252444,1.58584458,0.682986085,0.594286274,8.832317772,0.932898791,0.99752153,#3d0f39,#751c6d,21,21,2947,1.081683613,0.246267177,0.377717224,0.400458846,0.091172565,0.086082218,8.421898348,0.730748412,0.996730337
366292_211-LP4-ITS-0711,3014,20.75,25,366294_211-LP4-16S-0711,728,5,7,W30.01.01 ,G,5,30,1,1,G05,7.236483007,4824.320799,3.6,10.94,3.24E+12,12.51036133,9.59352,3922112079,2.916841335,7.42267,1.587507606,0.056757488,0.026205091,0,0,8.263621045,190.950802,35.68827586,417.0656616,7,5,728,0.907074366,0.323106408,0.269473684,0.611715641,0.263451587,0.177119114,8.41151656,0.884696912,0.996548855,#170616,#751c6d,22,17,3014,1.048617038,0.235145895,0.373547555,0.24592479,0.060165633,0.050663655,8.402093258,0.726984179,0.996708568
366292_242-LP4-ITS-0742,2836,20,23.42857143,366294_242-LP4-16S-0742,473,2,2,W17.01.04,F,9,17,4,1,F09,11.23433866,7489.557237,3.58,11.69,4.95E+12,12.69466486,9.46181,2896076303,3.232854855,7.36173,1.323246854,0.065912509,0.009996212,0,0.036997819,6.789739749,124.374944,30.04689655,367.442627,2,2,473,0.998000884,0.998000884,0.498614958,0.998000884,0.998000884,0.498614958,8.846108743,0.995544791,0.99777429,#6f542d,#fdc067,22,18,2836,1.044589501,0.234242744,0.378476938,0.312378522,0.074912264,0.065546276,8.391277289,0.731607614,0.996703074
366292_253-LP4-ITS-0753,3044,39,24,366294_253-LP4-16S-0753,708,5,5,W30.02.02,A,11,30,2,2,A11,5.671935071,3781.289102,3.6,11.9,8.85E+11,11.9471763,9.967106866,9270579147,1.980069438,6.96824,2.078475622,0.101530883,0.022178635,0,0,56.76240404,557.5947666,112.24,916.0844586,5,5,708,0.966440221,0.416223148,0.30001385,0.933561974,0.402063258,0.309326724,8.655069191,0.914177206,0.99693381,#21081f,#751c6d,22,21,3044,1.172981599,0.26303388,0.409389582,0.338274222,0.077014976,0.071205897,8.472791086,0.732196008,0.996774741
366292_185-LP4-ITS-0685,3043,29,26.5,366294_185-LP4-16S-0685,688,4,5,W17.03.03.,E,2,17,3,3,E02,6.621328249,4414.217729,3.56,11.41,6.17E+12,12.7906243,9.26709,1849651888,3.523534302,7.47007,1.54616258,0.068759793,0.009952046,0,0.036436395,8.736191724,263.3175016,40.58758621,494.2042181,5,4,688,0.360018243,0.155051418,0.091745152,0.331701968,0.165850984,0.086745152,8.088893258,0.858122859,0.995977282,#5b4525,#fdc067,23,17,3043,0.955976405,0.211332665,0.353912988,0.225351204,0.055132294,0.046192596,8.338274592,0.72060097,0.996653781
366292_203-LP4-ITS-0703,2997,19,32,366294_203-LP4-16S-0703,588,3,3,W17.02.01 ,G,4,17,1,2,G04,5.775653024,3850.434387,3.56,10.4,1.98E+13,13.29594735,9.83824,6890329648,3.457707353,7.30831,1.878771237,0.146644252,0.020691716,0.033634941,0.076016762,13.84759408,482.6973743,90.6262069,777.2546322,3,3,588,0.13288639,0.083841977,0.031204986,0.073738216,0.046523635,0.015692521,8.034048383,0.873297231,0.995910777,#332615,#fdc067,23,16,2997,1.003332656,0.221801462,0.359937425,0.296023081,0.07400577,0.062865342,8.375666924,0.725209708,0.99668985
366292_248-LP4-ITS-0748,3091,18.42857143,27.2,366294_248-LP4-16S-0748,718,2,6.5,W04.03.06,D,10,4,6,3,D10,6.303996831,4202.663503,3.69,10.8,1.43E+12,12.1554575,8.92221,836007165.8,3.233247501,6.86213,1.207713505,0.153219111,0,0,0.084539173,7.067590339,109.335962,29.41793103,350.1107086,6,2,718,0.305379415,0.118136884,0.07324138,0.132480994,0.132480994,0.036163435,8.081129119,0.851735389,0.99597415,#5f7899,#9ec8ff,23,18,3091,1.010095305,0.223296445,0.357261028,0.258091196,0.061893486,0.051812911,8.388327872,0.723514806,0.99669463
366292_261-LP4-ITS-0761,2951,25,27.2,366294_261-LP4-16S-0761,708,5,5,W17.03.05,A,12,17,5,3,A12,8.411844767,5607.895109,3.63,13.11,1.08E+12,12.03452017,8.94704,885197135.7,3.08748017,6.58927,1.54095687,0.069767574,0.029856137,0,0,7.078075267,165.2495743,53.35724138,341.1033532,5,5,708,1.305871406,0.562408203,0.465020433,1.390285995,0.598763587,0.502534626,8.957808676,0.946153558,0.997605876,#846436,#fdc067,23,22,2951,1.174264213,0.259588401,0.400528967,0.497661739,0.111597572,0.111132208,8.474593612,0.735195826,0.996778117
366292_266-LP4-ITS-0766,2999,30,23.6,366294_266-LP4-16S-0766,708,5,5,W30.01.03,F,12,30,3,1,F12,12.44286416,8295.240698,3.61,12.07,1.21E+12,12.08155252,8.61159,408874475.5,3.469962523,6.14613,1.557425842,0.089965687,0.005947672,0,0,8.722711103,220.8746303,39.09517241,431.9285688,5,5,708,1.688277099,0.72710137,0.640817175,1.6831306,0.724884893,0.63432133,8.799434295,0.929425529,0.997535304,#2a0a27,#751c6d,23,23,2999,1.181984744,0.261295138,0.398550228,0.42615127,0.094207015,0.091506909,8.484398338,0.734563038,0.996777893
366292_236-LP4-ITS-0736,3324,23.33333333,28.2,366294_236-LP4-16S-0736,718,5,6.5,W04.01.10,H,8,4,10,1,H08,6.846321427,4564.213144,3.57,11.09,4.24E+12,12.62693134,8.25864,181401135,4.368291345,5.66276,1.399896057,0.186566943,0.001825523,0,0.079508817,6.926792735,106.8142307,26.6262069,347.5417475,6,5,718,0.36328454,0.140537644,0.092186669,0.335572165,0.144523065,0.086703601,8.096310855,0.853335514,0.996010919,#7898c2,#9ec8ff,24,20,3324,1.136270444,0.247825461,0.393100508,0.42666851,0.098721797,0.09338057,8.453679423,0.722616705,0.99675466
366292_181-LP4-ITS-0681,3357,23.5,26.42857143,366294_181-LP4-16S-0681,708,5,5,W30.03.03,A,2,30,3,3,A02,4.985900959,3323.933142,3.6,12.13,1.63E+12,12.21302342,8.646015731,442604404.1,3.567007685,6.21194,1.479373603,0.086948416,0.010577729,0,0.255122135,7.924358734,173.391881,33.60275862,392.9631012,5,5,708,0.93121254,0.401051412,0.335057539,1.112694946,0.479211629,0.409487535,8.581998487,0.906459235,0.996950748,#2a0a27,#751c6d,25,22,3357,1.155855492,0.248899932,0.388582415,0.45937509,0.103012027,0.101150936,8.474403277,0.723506746,0.996769267
366292_251-LP4-ITS-0751,3265,16.25,34,366294_251-LP4-16S-0751,708,5,8,W04.03.01 ,G,10,4,1,3,G10,7.908211194,5272.139478,3.68,9.95,1.92E+12,12.28423667,10.18992,15485313426,2.094316668,7.53288,1.54632404,0.326077807,0.06050726,0.005796532,0.985242365,7.391125257,108.2175822,29.82068966,352.5989681,5,4,708,0.163502382,0.070416643,0.036465912,0.119105787,0.059552894,0.026066482,8.027577437,0.847899439,0.995904663,#202833,#9ec8ff,25,16,3265,1.052331874,0.226607335,0.377837352,0.284167218,0.071041805,0.057944128,8.393120107,0.719028145,0.996696322
366292_260-LP4-ITS-0760,3137,23.5,32,366294_260-LP4-16S-0760,708,5,5,W30.02.01,H,11,30,1,2,H11,6.942236149,4628.156275,3.57,11.1,1.09E+12,12.03564183,9.794343732,6227930135,2.241298098,7.34279,1.592290178,0.06523256,0.087823859,0,0,7.55139487,169.7768617,34.02758621,416.5040924,5,5,708,1.16145735,0.500212454,0.420387812,1.084857543,0.467222713,0.387489152,8.67546022,0.916330975,0.99713956,#170616,#751c6d,25,23,3137,1.222896034,0.263336327,0.410682004,0.527800323,0.116678036,0.11731581,8.511061879,0.732753977,0.996811714
366292_264-LP4-ITS-0764,3434,30.2,25.375,366294_264-LP4-16S-0764,708,5,5,W04.03.04,D,12,4,4,3,D12,8.220665593,5480.442358,3.71,9.87,8.58E+11,11.93373878,9.23835,1731210988,2.695388782,7.30103,1.168406222,0.152320608,0,0,0.115361332,6.997940461,97.65570392,26.15172414,292.8391457,5,5,708,0.582803245,0.250999696,0.180380254,0.62005813,0.267044501,0.197243767,8.323715902,0.879178569,0.996399872,#465870,#9ec8ff,25,26,3434,1.233052589,0.265523422,0.405510078,0.48794437,0.103808239,0.102249586,8.521964946,0.725540715,0.996817693
xxxx,,,,366294_196-LP4-16S-0696,718,5,6,W30.03.07,H,3,30,7,3,H03,1.280016218,853.3439319,3.8,14.04,5.49E+11,11.73989103,7.991860987,98143374.63,3.74803004,4.98345,1.412295111,0.129657681,0.016760953,0,0,15.61655121,186.0148759,61.27172414,403.235335,6,5,718,1.563759288,0.60494467,0.59566482,1.503932926,0.647708656,0.591315789,9.109324826,0.960105229,0.998000511,#50134a,#751c6d,,,,,,,,,,,,